EUR,1
USD,0.809552722
GBP,1.126695
BTC,6977.089657
FKE,0.025
ETH,685.2944747